{
  "acceleration": 2.8428574,
  "maxSpeedX": 28.89943,
  "jumpForce": 44.571426,
  "gravity": 15.585714,
  "dashSpeed": 420.0,
  "language": "fr"
}